timestamp,solar_generation_kw,campus_load_kw,battery_soc_kwh,battery_charging_kw,battery_discharging_kw,grid_import_kw,ev_charging_load_kw,scenario
2024-03-11T00:00:00,0.05,9.72,73.11,0.0,7.56,0,7.56,normal
2024-03-11T00:15:00,0.06,13.05,70.24,0.0,11.47,0,11.47,normal
2024-03-11T00:30:00,0,9.53,69.19,0.0,4.2,0,4.2,normal
2024-03-11T00:45:00,0.16,11.53,65.48,0.0,14.84,0,14.84,normal
2024-03-11T01:00:00,0,11.09,62.93,0.0,10.21,0,10.21,normal
2024-03-11T01:15:00,0,9.07,62.48,0.0,1.78,0,1.78,normal
2024-03-11T01:30:00,0.02,6.17,58.83,0.0,14.63,0,14.63,normal
2024-03-11T01:45:00,0,8.88,57.35,0.0,5.91,0,5.91,normal
2024-03-11T02:00:00,0,10.63,54.37,0.0,11.92,0,11.92,normal
2024-03-11T02:15:00,0,7.18,53.1,0.0,5.09,0,5.09,normal
2024-03-11T02:30:00,0.15,9.55,49.58,0.0,14.08,0,14.08,normal
2024-03-11T02:45:00,0.01,7.15,46.75,0.0,11.32,0,11.32,normal
2024-03-11T03:00:00,0,10.22,46.0,0.0,2.99,0,2.99,normal
2024-03-11T03:15:00,0,10.75,44.09,0.0,7.64,0,7.64,normal
2024-03-11T03:30:00,0,9.42,42.22,0.0,7.5,0,7.5,normal
2024-03-11T03:45:00,0,13.7,42.05,0.0,0.68,0,0.68,normal
2024-03-11T04:00:00,0,7.88,41.53,0.0,2.06,0,2.06,normal
2024-03-11T04:15:00,0.08,7.56,40.28,0.0,5.0,0,5.0,normal
2024-03-11T04:30:00,0.02,6.08,38.5,0.0,7.11,0,7.11,normal
2024-03-11T04:45:00,0,10.39,36.79,0.0,6.85,0,6.85,normal
2024-03-11T05:00:00,0.07,10.34,34.52,0.0,9.09,0,9.09,normal
2024-03-11T05:15:00,0,9.4,32.59,0.0,7.73,0,7.73,normal
2024-03-11T05:30:00,0,8.56,31.36,0.0,4.92,0,4.92,normal
2024-03-11T05:45:00,0,12.11,30.0,0.0,5.42,3.78,9.2,normal
2024-03-11T06:00:00,2.77,6.47,30.0,0.0,0,2.44,2.44,normal
2024-03-11T06:15:00,3.57,9.23,30.0,0.0,0,14.86,14.86,normal
2024-03-11T06:30:00,4.34,11.22,30.0,0.0,0,11.09,11.09,normal
2024-03-11T06:45:00,5.97,11.86,30.0,0.0,0,4.49,4.49,normal
2024-03-11T07:00:00,6.82,9.38,30.0,0.0,0,5.05,5.05,normal
2024-03-11T07:15:00,8.97,11.95,30.0,0.0,0,12.42,12.42,normal
2024-03-11T07:30:00,10.57,9.63,30.0,0.0,0,7.05,7.99,normal
2024-03-11T07:45:00,12.43,7.61,30.0,0.0,0,5.81,10.63,normal
2024-03-11T08:00:00,16.48,32.71,30.0,0.0,0,21.99,21.99,normal
2024-03-11T08:15:00,18.79,32.79,30.0,0.0,0,42.63,42.63,normal
2024-03-11T08:30:00,22.65,30.27,30.0,0.0,0,24.73,24.73,normal
2024-03-11T08:45:00,26.44,35.41,30.0,0.0,0,36.95,36.95,normal
2024-03-11T09:00:00,29.97,36.22,30.0,0.0,0,49.2,49.2,normal
2024-03-11T09:15:00,29.86,35.47,30.0,0.0,0,33.35,33.35,normal
2024-03-11T09:30:00,39.11,33.94,30.0,0.0,0,36.7,41.87,normal
2024-03-11T09:45:00,43.89,31.25,30.0,0.0,0,26.37,39.01,normal
2024-03-11T10:00:00,47.99,36.59,30.0,0.0,0,26.12,37.52,normal
2024-03-11T10:15:00,57.3,35.46,32.69,10.77,0.0,0.0,11.07,normal
2024-03-11T10:30:00,55.74,36.07,30.36,0.0,9.31,0,28.98,normal
2024-03-11T10:45:00,65.48,38.26,30.0,0.0,1.46,20.0,48.68,normal
2024-03-11T11:00:00,65.05,39.12,30.0,0.0,0,15.39,41.32,normal
2024-03-11T11:15:00,70.94,40.46,30.0,0.0,0,10.57,41.05,normal
2024-03-11T11:30:00,71.26,38.25,30.0,0.0,0,0.1,33.11,normal
2024-03-11T11:45:00,74.98,36.31,30.0,0.0,0,0.19,38.86,normal
2024-03-11T12:00:00,79.58,40.03,31.55,6.21,0.0,0.0,33.34,normal
2024-03-11T12:15:00,79.62,39.25,37.44,23.55,0.0,0.0,16.82,normal
2024-03-11T12:30:00,74.34,39.04,37.48,0.14,0.0,0.0,35.16,normal
2024-03-11T12:45:00,78.24,38.36,38.75,5.09,0.0,0.0,34.79,normal
2024-03-11T13:00:00,77.78,40.81,37.08,0.0,6.68,0,43.65,normal
2024-03-11T13:15:00,83.69,40.32,43.94,27.46,0.0,0.0,15.91,normal
2024-03-11T13:30:00,74.8,39.73,43.4,0.0,2.16,0,37.23,normal
2024-03-11T13:45:00,63.83,39.67,46.63,12.9,0.0,0.0,11.26,normal
2024-03-11T14:00:00,67.02,44.44,40.29,0.0,25.35,0,47.93,normal
2024-03-11T14:15:00,62.01,39.84,42.23,7.77,0.0,0.0,14.4,normal
2024-03-11T14:30:00,57.99,36.57,44.9,10.66,0.0,0.0,10.76,normal
2024-03-11T14:45:00,56.41,40.03,43.35,0.0,6.17,0,22.55,normal
2024-03-11T15:00:00,50.44,36.27,42.88,0.0,1.89,0,16.06,normal
2024-03-11T15:15:00,46.75,34.8,36.46,0.0,25.67,0,37.62,normal
2024-03-11T15:30:00,40.08,41.45,30.0,0.0,25.86,0.56,26.42,normal
2024-03-11T15:45:00,32.66,35.36,30.0,0.0,0,41.0,41.0,normal
2024-03-11T16:00:00,30.17,34.87,30.0,0.0,0,46.82,46.82,normal
2024-03-11T16:15:00,23.96,35.36,30.0,0.0,0,44.91,44.91,normal
2024-03-11T16:30:00,21.06,35.49,30.0,0.0,0,39.43,39.43,normal
2024-03-11T16:45:00,17.99,36.93,30.0,0.0,0,12.49,12.49,normal
2024-03-11T17:00:00,15.21,32.45,30.0,0.0,0,15.52,15.52,normal
2024-03-11T17:15:00,13.69,29.87,30.0,0.0,0,18.29,18.29,normal
2024-03-11T17:30:00,10.95,34.18,30.0,0.0,0,23.0,23.0,normal
2024-03-11T17:45:00,8.11,31.15,30.0,0.0,0,36.49,36.49,normal
2024-03-11T18:00:00,7.21,21.56,30.0,0.0,0,7.88,7.88,normal
2024-03-11T18:15:00,5.33,17.36,30.0,0.0,0,4.71,4.71,normal
2024-03-11T18:30:00,4.61,20.59,30.0,0.0,0,2.6,2.6,normal
2024-03-11T18:45:00,3.56,20.69,30.0,0.0,0,13.68,13.68,normal
2024-03-11T19:00:00,2.63,20.46,30.0,0.0,0,5.13,5.13,normal
2024-03-11T19:15:00,0.03,18.57,30.0,0.0,0,5.31,5.31,normal
2024-03-11T19:30:00,0.19,20.95,30.0,0.0,0,11.58,11.58,normal
2024-03-11T19:45:00,0,21.31,30.0,0.0,0,10.81,10.81,normal
2024-03-11T20:00:00,0,21.57,30.0,0.0,0,9.65,9.65,normal
2024-03-11T20:15:00,0.12,18.36,30.0,0.0,0,10.4,10.4,normal
2024-03-11T20:30:00,0.1,20.83,30.0,0.0,0,9.15,9.15,normal
2024-03-11T20:45:00,0.08,23.79,30.0,0.0,0,2.88,2.88,normal
2024-03-11T21:00:00,0,18.49,30.0,0.0,0,3.7,3.7,normal
2024-03-11T21:15:00,0,18.37,30.0,0.0,0,8.37,8.37,normal
2024-03-11T21:30:00,0,20.68,30.0,0.0,0,3.37,3.37,normal
2024-03-11T21:45:00,0.03,21.65,30.0,0.0,0,14.59,14.59,normal
2024-03-11T22:00:00,0.0,12.91,30.0,0.0,0,4.46,4.46,normal
2024-03-11T22:15:00,0,15.44,30.0,0.0,0,4.34,4.34,normal
2024-03-11T22:30:00,0.06,8.29,30.0,0.0,0,3.11,3.11,normal
2024-03-11T22:45:00,0,10.96,30.0,0.0,0,10.57,10.57,normal
2024-03-11T23:00:00,0,11.43,30.0,0.0,0,4.76,4.76,normal
2024-03-11T23:15:00,0.05,9.85,30.0,0.0,0,5.23,5.23,normal
2024-03-11T23:30:00,0,6.97,30.0,0.0,0,14.01,14.01,normal
2024-03-11T23:45:00,0,11.71,30.0,0.0,0,11.93,11.93,normal
2024-03-12T00:00:00,0.02,7.51,74.11,0.0,3.57,0,3.57,high_demand
2024-03-12T00:15:00,0.02,10.77,70.42,0.0,14.74,0,14.74,high_demand
2024-03-12T00:30:00,0,10.31,69.79,0.0,2.52,0,2.52,high_demand
2024-03-12T00:45:00,0.01,7.71,66.47,0.0,13.28,0,13.28,high_demand
2024-03-12T01:00:00,0.04,11.12,66.14,0.0,1.33,0,1.33,high_demand
2024-03-12T01:15:00,0.11,12.11,63.48,0.0,10.63,0,10.63,high_demand
2024-03-12T01:30:00,0,8.12,61.09,0.0,9.59,0,9.59,high_demand
2024-03-12T01:45:00,0.05,11.03,57.76,0.0,13.3,0,13.3,high_demand
2024-03-12T02:00:00,0.05,17.71,56.09,0.0,6.7,0,6.7,high_demand
2024-03-12T02:15:00,0.06,12.27,55.09,0.0,3.98,0,3.98,high_demand
2024-03-12T02:30:00,0.1,11.3,54.16,0.0,3.74,0,3.74,high_demand
2024-03-12T02:45:00,0,11.52,53.9,0.0,1.02,0,1.02,high_demand
2024-03-12T03:00:00,0,9.53,52.94,0.0,3.85,0,3.85,high_demand
2024-03-12T03:15:00,0,10.16,52.53,0.0,1.62,0,1.62,high_demand
2024-03-12T03:30:00,0.23,6.27,52.53,0.0,0.02,0,0.02,high_demand
2024-03-12T03:45:00,0.07,6.77,51.08,0.0,5.79,0,5.79,high_demand
2024-03-12T04:00:00,0,12.18,48.33,0.0,10.99,0,10.99,high_demand
2024-03-12T04:15:00,0.01,7.84,44.7,0.0,14.54,0,14.54,high_demand
2024-03-12T04:30:00,0,11.36,41.38,0.0,13.27,0,13.27,high_demand
2024-03-12T04:45:00,0,10.43,39.53,0.0,7.4,0,7.4,high_demand
2024-03-12T05:00:00,0.0,8.7,38.11,0.0,5.68,0,5.68,high_demand
2024-03-12T05:15:00,0.21,11.27,36.06,0.0,8.19,0,8.19,high_demand
2024-03-12T05:30:00,0,10.37,35.68,0.0,1.52,0,1.52,high_demand
2024-03-12T05:45:00,0,11.7,33.89,0.0,7.19,0,7.19,high_demand
2024-03-12T06:00:00,2.62,9.77,30.65,0.0,12.96,0,12.96,high_demand
2024-03-12T06:15:00,3.6,11.73,30.0,0.0,2.58,7.18,9.76,high_demand
2024-03-12T06:30:00,4.22,9.33,30.0,0.0,0,10.31,10.31,high_demand
2024-03-12T06:45:00,5.55,8.69,30.0,0.0,0,2.44,2.44,high_demand
2024-03-12T07:00:00,7.74,10.81,30.0,0.0,0,1.11,1.11,high_demand
2024-03-12T07:15:00,8.26,11.84,30.0,0.0,0,12.69,12.69,high_demand
2024-03-12T07:30:00,11.98,12.06,30.0,0.0,0,4.42,4.42,high_demand
2024-03-12T07:45:00,12.16,9.03,30.0,0.0,0,1.65,4.78,high_demand
2024-03-12T08:00:00,16.83,28.58,30.0,0.0,0,48.07,48.07,high_demand
2024-03-12T08:15:00,19.28,32.33,30.0,0.0,0,12.97,12.97,high_demand
2024-03-12T08:30:00,21.21,31.45,30.0,0.0,0,16.8,16.8,high_demand
2024-03-12T08:45:00,21.76,30.29,30.0,0.0,0,25.02,25.02,high_demand
2024-03-12T09:00:00,29.65,30.59,30.0,0.0,0,39.28,39.28,high_demand
2024-03-12T09:15:00,37.17,30.97,30.0,0.0,0,25.68,31.88,high_demand
2024-03-12T09:30:00,38.08,34.8,30.0,0.0,0,42.64,45.92,high_demand
2024-03-12T09:45:00,46.83,32.35,30.19,0.76,0.0,0.0,13.72,high_demand
2024-03-12T10:00:00,51.34,35.9,30.0,0.0,0.76,17.56,33.76,high_demand
2024-03-12T10:15:00,50.74,37.42,30.0,0.0,0,21.23,34.55,high_demand
2024-03-12T10:30:00,58.67,35.87,30.0,0.0,0,6.51,29.31,high_demand
2024-03-12T10:45:00,62.83,36.83,33.69,14.76,0.0,0.0,11.24,high_demand
2024-03-12T11:00:00,67.2,39.41,30.0,0.0,14.76,5.15,47.7,high_demand
2024-03-12T11:15:00,76.2,36.05,35.89,23.55,0.0,0.0,16.6,high_demand
2024-03-12T11:30:00,81.73,35.01,36.17,1.13,0.0,0.0,45.59,high_demand
2024-03-12T11:45:00,75.9,40.42,40.97,19.2,0.0,0.0,16.28,high_demand
2024-03-12T12:00:00,79.52,38.27,47.77,27.2,0.0,0.0,14.05,high_demand
2024-03-12T12:15:00,78.77,38.74,53.22,21.81,0.0,0.0,18.22,high_demand
2024-03-12T12:30:00,77.64,41.58,57.84,18.46,0.0,0.0,17.6,high_demand
2024-03-12T12:45:00,81.02,38.58,58.97,4.55,0.0,0.0,37.89,high_demand
2024-03-12T13:00:00,81.94,40.61,59.59,2.45,0.0,0.0,38.88,high_demand
2024-03-12T13:15:00,79.59,41.23,59.38,0.0,0.84,0,39.2,high_demand
2024-03-12T13:30:00,70.79,38.76,62.23,11.42,0.0,0.0,20.61,high_demand
2024-03-12T13:45:00,73.24,40.94,64.99,11.04,0.0,0.0,21.26,high_demand
2024-03-12T14:00:00,66.75,39.75,66.87,7.5,0.0,0.0,19.5,high_demand
2024-03-12T14:15:00,66.62,38.06,71.01,16.57,0.0,0.0,11.99,high_demand
2024-03-12T14:30:00,59.68,38.51,68.08,0.0,11.7,0,32.87,high_demand
2024-03-12T14:45:00,52.78,40.72,60.2,0.0,31.53,0,43.59,high_demand
2024-03-12T15:00:00,50.53,39.72,58.87,0.0,5.33,0,16.14,high_demand
2024-03-12T15:15:00,46.54,37.65,54.98,0.0,15.54,0,24.43,high_demand
2024-03-12T15:30:00,40.27,36.45,49.16,0.0,23.28,0,27.1,high_demand
2024-03-12T15:45:00,34.92,36.23,43.72,0.0,21.78,0,21.78,high_demand
2024-03-12T16:00:00,30.17,37.07,34.6,0.0,36.48,0,36.48,high_demand
2024-03-12T16:15:00,24.91,39.41,30.0,0.0,18.4,15.61,34.01,high_demand
2024-03-12T16:30:00,21.12,32.11,30.0,0.0,0,17.99,17.99,high_demand
2024-03-12T16:45:00,19.95,35.41,30.0,0.0,0,11.03,11.03,high_demand
2024-03-12T17:00:00,16.33,34.35,30.0,0.0,0,16.83,16.83,high_demand
2024-03-12T17:15:00,13.15,30.54,30.0,0.0,0,21.67,21.67,high_demand
2024-03-12T17:30:00,10.87,30.21,30.0,0.0,0,13.28,13.28,high_demand
2024-03-12T17:45:00,9.25,30.49,30.0,0.0,0,43.75,43.75,high_demand
2024-03-12T18:00:00,6.82,19.36,30.0,0.0,0,4.63,4.63,high_demand
2024-03-12T18:15:00,5.8,18.87,30.0,0.0,0,5.96,5.96,high_demand
2024-03-12T18:30:00,4.31,20.49,30.0,0.0,0,7.34,7.34,high_demand
2024-03-12T18:45:00,3.56,18.99,30.0,0.0,0,9.92,9.92,high_demand
2024-03-12T19:00:00,2.66,20.46,30.0,0.0,0,1.37,1.37,high_demand
2024-03-12T19:15:00,0,17.19,30.0,0.0,0,8.16,8.16,high_demand
2024-03-12T19:30:00,0,19.57,30.0,0.0,0,2.77,2.77,high_demand
2024-03-12T19:45:00,0.03,22.95,30.0,0.0,0,13.28,13.28,high_demand
2024-03-12T20:00:00,0.09,19.68,30.0,0.0,0,5.54,5.54,high_demand
2024-03-12T20:15:00,0,17.99,30.0,0.0,0,6.69,6.69,high_demand
2024-03-12T20:30:00,0,19.42,30.0,0.0,0,3.95,3.95,high_demand
2024-03-12T20:45:00,0.03,18.35,30.0,0.0,0,6.98,6.98,high_demand
2024-03-12T21:00:00,0.05,23.07,30.0,0.0,0,3.39,3.39,high_demand
2024-03-12T21:15:00,0,20.8,30.0,0.0,0,4.03,4.03,high_demand
2024-03-12T21:30:00,0.07,19.2,30.0,0.0,0,0.92,0.92,high_demand
2024-03-12T21:45:00,0.02,20.03,30.0,0.0,0,11.28,11.28,high_demand
2024-03-12T22:00:00,0.01,8.45,30.0,0.0,0,10.01,10.01,high_demand
2024-03-12T22:15:00,0.0,11.0,30.0,0.0,0,1.29,1.29,high_demand
2024-03-12T22:30:00,0.15,11.92,30.0,0.0,0,5.16,5.16,high_demand
2024-03-12T22:45:00,0.22,8.47,30.0,0.0,0,8.12,8.12,high_demand
2024-03-12T23:00:00,0.09,10.37,30.0,0.0,0,14.56,14.56,high_demand
2024-03-12T23:15:00,0.22,8.38,30.0,0.0,0,8.85,8.85,high_demand
2024-03-12T23:30:00,0,8.8,30.0,0.0,0,8.3,8.3,high_demand
2024-03-12T23:45:00,0,8.95,30.0,0.0,0,12.61,12.61,high_demand
2024-03-13T00:00:00,0,10.3,72.79,0.0,8.85,0,8.85,low_solar
2024-03-13T00:15:00,0.03,13.75,69.39,0.0,13.59,0,13.59,low_solar
2024-03-13T00:30:00,0.1,8.85,67.32,0.0,8.27,0,8.27,low_solar
2024-03-13T00:45:00,0,10.98,65.29,0.0,8.15,0,8.15,low_solar
2024-03-13T01:00:00,0,13.66,61.54,0.0,14.98,0,14.98,low_solar
2024-03-13T01:15:00,0.12,9.06,59.77,0.0,7.08,0,7.08,low_solar
2024-03-13T01:30:00,0,12.71,56.86,0.0,11.63,0,11.63,low_solar
2024-03-13T01:45:00,0,12.48,55.49,0.0,5.49,0,5.49,low_solar
2024-03-13T02:00:00,0,8.8,54.65,0.0,3.35,0,3.35,low_solar
2024-03-13T02:15:00,0.0,10.09,51.76,0.0,11.58,0,11.58,low_solar
2024-03-13T02:30:00,0,11.25,49.01,0.0,11.0,0,11.0,low_solar
2024-03-13T02:45:00,0,9.72,47.92,0.0,4.36,0,4.36,low_solar
2024-03-13T03:00:00,0.01,11.03,46.18,0.0,6.97,0,6.97,low_solar
2024-03-13T03:15:00,0.07,7.75,44.26,0.0,7.66,0,7.66,low_solar
2024-03-13T03:30:00,0,12.56,42.77,0.0,5.95,0,5.95,low_solar
2024-03-13T03:45:00,0.03,8.5,40.89,0.0,7.53,0,7.53,low_solar
2024-03-13T04:00:00,0.16,10.23,38.41,0.0,9.94,0,9.94,low_solar
2024-03-13T04:15:00,0.12,10.14,35.23,0.0,12.72,0,12.72,low_solar
2024-03-13T04:30:00,0.21,13.51,32.2,0.0,12.1,0,12.1,low_solar
2024-03-13T04:45:00,0,11.94,30.0,0.0,8.8,0.41,9.21,low_solar
2024-03-13T05:00:00,0.06,12.74,30.0,0.0,0,2.49,2.49,low_solar
2024-03-13T05:15:00,0,11.37,30.0,0.0,0,7.71,7.71,low_solar
2024-03-13T05:30:00,0.11,6.48,30.0,0.0,0,6.69,6.69,low_solar
2024-03-13T05:45:00,0,5.92,30.0,0.0,0,2.69,2.69,low_solar
2024-03-13T06:00:00,0.38,11.44,30.0,0.0,0,14.23,14.23,low_solar
2024-03-13T06:15:00,0.68,10.15,30.0,0.0,0,9.89,9.89,low_solar
2024-03-13T06:30:00,0.84,7.24,30.0,0.0,0,14.52,14.52,low_solar
2024-03-13T06:45:00,0.68,9.89,30.0,0.0,0,11.04,11.04,low_solar
2024-03-13T07:00:00,1.11,9.93,30.0,0.0,0,7.25,7.25,low_solar
2024-03-13T07:15:00,1.12,9.82,30.0,0.0,0,5.38,5.38,low_solar
2024-03-13T07:30:00,1.49,11.34,30.0,0.0,0,3.28,3.28,low_solar
2024-03-13T07:45:00,2.01,8.12,30.0,0.0,0,7.31,7.31,low_solar
2024-03-13T08:00:00,2.31,27.88,30.0,0.0,0,12.51,12.51,low_solar
2024-03-13T08:15:00,2.82,32.69,30.0,0.0,0,24.78,24.78,low_solar
2024-03-13T08:30:00,3.17,32.57,30.0,0.0,0,11.71,11.71,low_solar
2024-03-13T08:45:00,3.79,30.75,30.0,0.0,0,18.27,18.27,low_solar
2024-03-13T09:00:00,4.48,31.02,30.0,0.0,0,46.31,46.31,low_solar
2024-03-13T09:15:00,5.01,31.43,30.0,0.0,0,24.45,24.45,low_solar
2024-03-13T09:30:00,6.41,34.61,30.0,0.0,0,28.79,28.79,low_solar
2024-03-13T09:45:00,6.32,35.65,30.0,0.0,0,28.19,28.19,low_solar
2024-03-13T10:00:00,7.24,35.44,30.0,0.0,0,11.86,11.86,low_solar
2024-03-13T10:15:00,8.25,38.01,30.0,0.0,0,49.22,49.22,low_solar
2024-03-13T10:30:00,8.48,35.92,30.0,0.0,0,22.96,22.96,low_solar
2024-03-13T10:45:00,9.26,33.0,30.0,0.0,0,38.15,38.15,low_solar
2024-03-13T11:00:00,9.26,40.82,30.0,0.0,0,30.85,30.85,low_solar
2024-03-13T11:15:00,11.46,38.03,30.0,0.0,0,43.19,43.19,low_solar
2024-03-13T11:30:00,11.4,39.53,30.0,0.0,0,43.39,43.39,low_solar
2024-03-13T11:45:00,13.24,41.48,30.0,0.0,0,20.53,20.53,low_solar
2024-03-13T12:00:00,11.69,37.6,30.0,0.0,0,31.77,31.77,low_solar
2024-03-13T12:15:00,10.98,40.13,30.0,0.0,0,16.95,16.95,low_solar
2024-03-13T12:30:00,11.55,37.03,30.0,0.0,0,36.15,36.15,low_solar
2024-03-13T12:45:00,11.55,37.81,30.0,0.0,0,24.61,24.61,low_solar
2024-03-13T13:00:00,12.75,41.76,30.0,0.0,0,36.13,36.13,low_solar
2024-03-13T13:15:00,11.47,42.93,30.0,0.0,0,43.42,43.42,low_solar
2024-03-13T13:30:00,11.12,38.15,30.0,0.0,0,30.67,30.67,low_solar
2024-03-13T13:45:00,11.4,40.8,30.0,0.0,0,25.05,25.05,low_solar
2024-03-13T14:00:00,9.5,39.13,30.0,0.0,0,46.29,46.29,low_solar
2024-03-13T14:15:00,8.98,36.47,30.0,0.0,0,30.65,30.65,low_solar
2024-03-13T14:30:00,9.12,42.73,30.0,0.0,0,24.12,24.12,low_solar
2024-03-13T14:45:00,7.44,39.65,30.0,0.0,0,44.71,44.71,low_solar
2024-03-13T15:00:00,7.04,37.12,30.0,0.0,0,29.47,29.47,low_solar
2024-03-13T15:15:00,6.36,35.88,30.0,0.0,0,29.28,29.28,low_solar
2024-03-13T15:30:00,5.86,35.41,30.0,0.0,0,34.17,34.17,low_solar
2024-03-13T15:45:00,5.22,36.39,30.0,0.0,0,30.07,30.07,low_solar
2024-03-13T16:00:00,4.45,34.06,30.0,0.0,0,15.56,15.56,low_solar
2024-03-13T16:15:00,3.78,36.74,30.0,0.0,0,16.62,16.62,low_solar
2024-03-13T16:30:00,3.42,32.58,30.0,0.0,0,13.08,13.08,low_solar
2024-03-13T16:45:00,2.84,35.33,30.0,0.0,0,35.74,35.74,low_solar
2024-03-13T17:00:00,2.18,34.18,30.0,0.0,0,18.46,18.46,low_solar
2024-03-13T17:15:00,1.91,33.48,30.0,0.0,0,17.48,17.48,low_solar
2024-03-13T17:30:00,1.55,27.95,30.0,0.0,0,24.49,24.49,low_solar
2024-03-13T17:45:00,1.16,30.88,30.0,0.0,0,38.69,38.69,low_solar
2024-03-13T18:00:00,1.09,18.19,30.0,0.0,0,1.77,1.77,low_solar
2024-03-13T18:15:00,0.92,16.68,30.0,0.0,0,3.46,3.46,low_solar
2024-03-13T18:30:00,0.67,17.58,30.0,0.0,0,12.17,12.17,low_solar
2024-03-13T18:45:00,0.46,20.09,30.0,0.0,0,10.8,10.8,low_solar
2024-03-13T19:00:00,0.32,19.23,30.0,0.0,0,7.22,7.22,low_solar
2024-03-13T19:15:00,0.1,18.85,30.0,0.0,0,7.18,7.18,low_solar
2024-03-13T19:30:00,0.08,17.74,30.0,0.0,0,3.16,3.16,low_solar
2024-03-13T19:45:00,0.05,22.88,30.0,0.0,0,2.42,2.42,low_solar
2024-03-13T20:00:00,0,18.41,30.0,0.0,0,12.5,12.5,low_solar
2024-03-13T20:15:00,0.06,19.59,30.0,0.0,0,0.34,0.34,low_solar
2024-03-13T20:30:00,0.04,18.79,30.0,0.0,0,0.65,0.65,low_solar
2024-03-13T20:45:00,0.01,19.69,30.0,0.0,0,8.6,8.6,low_solar
2024-03-13T21:00:00,0.12,20.51,30.0,0.0,0,2.42,2.42,low_solar
2024-03-13T21:15:00,0.03,19.18,30.0,0.0,0,9.44,9.44,low_solar
2024-03-13T21:30:00,0,19.13,30.0,0.0,0,0.59,0.59,low_solar
2024-03-13T21:45:00,0.04,19.16,30.0,0.0,0,8.58,8.58,low_solar
2024-03-13T22:00:00,0.03,14.15,30.0,0.0,0,0.84,0.84,low_solar
2024-03-13T22:15:00,0.09,9.35,30.0,0.0,0,3.87,3.87,low_solar
2024-03-13T22:30:00,0.12,9.18,30.0,0.0,0,2.7,2.7,low_solar
2024-03-13T22:45:00,0,7.98,30.0,0.0,0,14.37,14.37,low_solar
2024-03-13T23:00:00,0,9.3,30.0,0.0,0,8.99,8.99,low_solar
2024-03-13T23:15:00,0.0,13.35,30.0,0.0,0,8.45,8.45,low_solar
2024-03-13T23:30:00,0.03,9.56,30.0,0.0,0,0.28,0.28,low_solar
2024-03-13T23:45:00,0.08,5.58,30.0,0.0,0,10.79,10.79,low_solar
2024-03-14T00:00:00,0.02,11.54,72.92,0.0,8.32,0,8.32,grid_constraint
2024-03-14T00:15:00,0,12.29,71.87,0.0,4.2,0,4.2,grid_constraint
2024-03-14T00:30:00,0.03,9.17,71.3,0.0,2.28,0,2.28,grid_constraint
2024-03-14T00:45:00,0.06,14.54,67.94,0.0,13.46,0,13.46,grid_constraint
2024-03-14T01:00:00,0.02,10.5,65.47,0.0,9.85,0,9.85,grid_constraint
2024-03-14T01:15:00,0,8.3,65.14,0.0,1.32,0,1.32,grid_constraint
2024-03-14T01:30:00,0.08,8.29,63.71,0.0,5.73,0,5.73,grid_constraint
2024-03-14T01:45:00,0.01,9.04,60.11,0.0,14.41,0,14.41,grid_constraint
2024-03-14T02:00:00,0.05,10.67,57.81,0.0,9.19,0,9.19,grid_constraint
2024-03-14T02:15:00,0.1,8.98,55.47,0.0,9.38,0,9.38,grid_constraint
2024-03-14T02:30:00,0,8.04,54.61,0.0,3.41,0,3.41,grid_constraint
2024-03-14T02:45:00,0,10.75,53.71,0.0,3.61,0,3.61,grid_constraint
2024-03-14T03:00:00,0.08,8.16,53.14,0.0,2.29,0,2.29,grid_constraint
2024-03-14T03:15:00,0.09,12.71,49.5,0.0,14.56,0,14.56,grid_constraint
2024-03-14T03:30:00,0.04,13.75,46.09,0.0,13.65,0,13.65,grid_constraint
2024-03-14T03:45:00,0,7.51,44.85,0.0,4.94,0,4.94,grid_constraint
2024-03-14T04:00:00,0,12.99,42.82,0.0,8.13,0,8.13,grid_constraint
2024-03-14T04:15:00,0.07,9.89,42.04,0.0,3.1,0,3.1,grid_constraint
2024-03-14T04:30:00,0.03,7.75,41.52,0.0,2.08,0,2.08,grid_constraint
2024-03-14T04:45:00,0.24,10.26,39.49,0.0,8.12,0,8.12,grid_constraint
2024-03-14T05:00:00,0.01,11.45,36.49,0.0,12.0,0,12.0,grid_constraint
2024-03-14T05:15:00,0.05,10.45,33.26,0.0,12.94,0,12.94,grid_constraint
2024-03-14T05:30:00,0,10.94,32.1,0.0,4.63,0,4.63,grid_constraint
2024-03-14T05:45:00,0.19,12.69,30.0,0.0,8.4,2.18,10.58,grid_constraint
2024-03-14T06:00:00,2.94,8.98,30.0,0.0,0,7.86,7.86,grid_constraint
2024-03-14T06:15:00,3.34,9.75,30.0,0.0,0,2.03,2.03,grid_constraint
2024-03-14T06:30:00,4.5,12.19,30.0,0.0,0,10.0,14.94,grid_constraint
2024-03-14T06:45:00,5.2,13.06,30.0,0.0,0,10.0,14.64,grid_constraint
2024-03-14T07:00:00,7.06,9.15,30.0,0.0,0,2.18,2.18,grid_constraint
2024-03-14T07:15:00,8.37,6.69,30.0,0.0,0,10.0,14.0,grid_constraint
2024-03-14T07:30:00,11.27,10.15,30.0,0.0,0,10.0,13.76,grid_constraint
2024-03-14T07:45:00,12.31,7.41,30.04,0.14,0.0,0.0,4.76,grid_constraint
2024-03-14T08:00:00,15.57,33.34,30.0,0.0,0.14,10.0,32.29,grid_constraint
2024-03-14T08:15:00,18.61,27.78,30.0,0.0,0,10.0,47.94,grid_constraint
2024-03-14T08:30:00,21.97,31.02,30.0,0.0,0,10.0,14.74,grid_constraint
2024-03-14T08:45:00,22.47,32.23,30.0,0.0,0,10.0,22.7,grid_constraint
2024-03-14T09:00:00,29.68,34.48,30.0,0.0,0,10.0,45.19,grid_constraint
2024-03-14T09:15:00,37.54,36.08,30.0,0.0,0,10.0,39.08,grid_constraint
2024-03-14T09:30:00,38.42,32.33,30.0,0.0,0,10.0,40.62,grid_constraint
2024-03-14T09:45:00,49.31,35.34,30.0,0.0,0,10.0,45.21,grid_constraint
2024-03-14T10:00:00,48.56,35.83,30.0,0.0,0,10.0,26.56,grid_constraint
2024-03-14T10:15:00,53.89,36.21,30.0,0.0,0,8.77,26.45,grid_constraint
2024-03-14T10:30:00,56.43,35.98,30.0,0.0,0,7.27,27.72,grid_constraint
2024-03-14T10:45:00,62.51,36.52,30.0,0.0,0,10.0,47.35,grid_constraint
2024-03-14T11:00:00,64.44,38.3,30.0,0.0,0,10.0,45.77,grid_constraint
2024-03-14T11:15:00,69.7,41.53,30.0,0.0,0,10.0,47.33,grid_constraint
2024-03-14T11:30:00,64.06,41.09,30.5,2.02,0.0,0.0,20.95,grid_constraint
2024-03-14T11:45:00,81.24,35.09,31.75,4.99,0.0,0.0,41.16,grid_constraint
2024-03-14T12:00:00,77.07,38.77,37.76,24.03,0.0,0.0,14.27,grid_constraint
2024-03-14T12:15:00,74.0,38.17,42.37,18.44,0.0,0.0,17.39,grid_constraint
2024-03-14T12:30:00,75.56,43.38,40.29,0.0,8.32,0,40.5,grid_constraint
2024-03-14T12:45:00,83.33,42.51,41.88,6.34,0.0,0.0,34.48,grid_constraint
2024-03-14T13:00:00,81.25,37.74,47.59,22.84,0.0,0.0,20.67,grid_constraint
2024-03-14T13:15:00,74.47,40.95,47.8,0.84,0.0,0.0,32.68,grid_constraint
2024-03-14T13:30:00,69.34,41.3,50.0,8.8,0.0,0.0,19.24,grid_constraint
2024-03-14T13:45:00,69.75,38.97,52.87,11.49,0.0,0.0,19.29,grid_constraint
2024-03-14T14:00:00,69.2,40.4,50.69,0.0,8.7,0,37.5,grid_constraint
2024-03-14T14:15:00,61.49,41.56,49.58,0.0,4.44,0,24.37,grid_constraint
2024-03-14T14:30:00,54.95,40.14,43.9,0.0,22.72,0,37.53,grid_constraint
2024-03-14T14:45:00,54.94,37.91,40.9,0.0,12.03,0,29.06,grid_constraint
2024-03-14T15:00:00,49.31,35.59,36.8,0.0,16.37,0,30.09,grid_constraint
2024-03-14T15:15:00,45.7,37.23,30.37,0.0,25.72,0,34.19,grid_constraint
2024-03-14T15:30:00,37.92,39.17,30.0,0.0,1.49,10.0,38.48,grid_constraint
2024-03-14T15:45:00,33.15,33.68,30.0,0.0,0,10.0,24.96,grid_constraint
2024-03-14T16:00:00,27.69,37.09,30.0,0.0,0,10.0,44.09,grid_constraint
2024-03-14T16:15:00,24.31,38.73,30.0,0.0,0,10.0,29.66,grid_constraint
2024-03-14T16:30:00,19.93,37.93,30.0,0.0,0,10.0,15.5,grid_constraint
2024-03-14T16:45:00,19.06,33.63,30.0,0.0,0,10.0,17.73,grid_constraint
2024-03-14T17:00:00,15.4,33.89,30.0,0.0,0,10.0,11.29,grid_constraint
2024-03-14T17:15:00,13.13,34.54,30.0,0.0,0,10.0,40.58,grid_constraint
2024-03-14T17:30:00,10.89,31.86,30.0,0.0,0,10.0,10.6,grid_constraint
2024-03-14T17:45:00,8.66,30.67,30.0,0.0,0,10.0,20.79,grid_constraint
2024-03-14T18:00:00,7.22,16.58,30.0,0.0,0,6.2,6.2,grid_constraint
2024-03-14T18:15:00,5.3,21.49,30.0,0.0,0,10.0,11.14,grid_constraint
2024-03-14T18:30:00,4.53,19.63,30.0,0.0,0,10.0,14.82,grid_constraint
2024-03-14T18:45:00,3.52,20.7,30.0,0.0,0,10.0,11.37,grid_constraint
2024-03-14T19:00:00,2.65,18.44,30.0,0.0,0,0.99,0.99,grid_constraint
2024-03-14T19:15:00,0.02,18.04,30.0,0.0,0,10.0,13.91,grid_constraint
2024-03-14T19:30:00,0.04,16.59,30.0,0.0,0,10.0,14.78,grid_constraint
2024-03-14T19:45:00,0.1,20.95,30.0,0.0,0,10.0,13.01,grid_constraint
2024-03-14T20:00:00,0.03,21.97,30.0,0.0,0,7.35,7.35,grid_constraint
2024-03-14T20:15:00,0.17,22.03,30.0,0.0,0,4.87,4.87,grid_constraint
2024-03-14T20:30:00,0,17.44,30.0,0.0,0,6.86,6.86,grid_constraint
2024-03-14T20:45:00,0,20.05,30.0,0.0,0,3.7,3.7,grid_constraint
2024-03-14T21:00:00,0.05,18.55,30.0,0.0,0,6.07,6.07,grid_constraint
2024-03-14T21:15:00,0.02,18.49,30.0,0.0,0,0.63,0.63,grid_constraint
2024-03-14T21:30:00,0,17.19,30.0,0.0,0,10.0,11.03,grid_constraint
2024-03-14T21:45:00,0,17.3,30.0,0.0,0,5.71,5.71,grid_constraint
2024-03-14T22:00:00,0,12.11,30.0,0.0,0,4.69,4.69,grid_constraint
2024-03-14T22:15:00,0,15.26,30.0,0.0,0,9.17,9.17,grid_constraint
2024-03-14T22:30:00,0.05,10.37,30.0,0.0,0,10.0,11.14,grid_constraint
2024-03-14T22:45:00,0,11.4,30.0,0.0,0,8.91,8.91,grid_constraint
2024-03-14T23:00:00,0,10.24,30.0,0.0,0,7.88,7.88,grid_constraint
2024-03-14T23:15:00,0.26,9.81,30.0,0.0,0,10.0,13.14,grid_constraint
2024-03-14T23:30:00,0.11,8.59,30.0,0.0,0,10.0,11.8,grid_constraint
2024-03-14T23:45:00,0,13.54,30.0,0.0,0,7.81,7.81,grid_constraint
2024-03-15T00:00:00,0,13.62,73.85,0.0,4.61,0,4.61,tight_departure
2024-03-15T00:15:00,0.07,8.88,70.87,0.0,11.91,0,11.91,tight_departure
2024-03-15T00:30:00,0.06,11.95,69.16,0.0,6.84,0,6.84,tight_departure
2024-03-15T00:45:00,0.06,6.86,68.52,0.0,2.56,0,2.56,tight_departure
2024-03-15T01:00:00,0,9.5,66.3,0.0,8.87,0,8.87,tight_departure
2024-03-15T01:15:00,0,11.24,63.23,0.0,12.27,0,12.27,tight_departure
2024-03-15T01:30:00,0.02,7.33,62.84,0.0,1.59,0,1.59,tight_departure
2024-03-15T01:45:00,0.04,11.22,60.97,0.0,7.46,0,7.46,tight_departure
2024-03-15T02:00:00,0.06,12.16,57.97,0.0,11.99,0,11.99,tight_departure
2024-03-15T02:15:00,0.08,10.92,57.15,0.0,3.31,0,3.31,tight_departure
2024-03-15T02:30:00,0,6.68,54.13,0.0,12.07,0,12.07,tight_departure
2024-03-15T02:45:00,0.04,10.42,52.53,0.0,6.39,0,6.39,tight_departure
2024-03-15T03:00:00,0.03,7.45,49.49,0.0,12.17,0,12.17,tight_departure
2024-03-15T03:15:00,0,12.11,45.81,0.0,14.73,0,14.73,tight_departure
2024-03-15T03:30:00,0,11.36,43.26,0.0,10.18,0,10.18,tight_departure
2024-03-15T03:45:00,0.0,10.06,42.05,0.0,4.86,0,4.86,tight_departure
2024-03-15T04:00:00,0.09,8.97,38.39,0.0,14.64,0,14.64,tight_departure
2024-03-15T04:15:00,0.01,9.08,36.23,0.0,8.64,0,8.64,tight_departure
2024-03-15T04:30:00,0,9.38,35.71,0.0,2.06,0,2.06,tight_departure
2024-03-15T04:45:00,0.02,9.04,32.57,0.0,12.55,0,12.55,tight_departure
2024-03-15T05:00:00,0.13,8.21,30.0,0.0,10.3,1.6,11.9,tight_departure
2024-03-15T05:15:00,0,9.12,30.0,0.0,0,11.46,11.46,tight_departure
2024-03-15T05:30:00,0.14,10.39,30.0,0.0,0,8.9,8.9,tight_departure
2024-03-15T05:45:00,0.1,7.03,30.0,0.0,0,5.03,5.03,tight_departure
2024-03-15T06:00:00,2.76,11.78,30.0,0.0,0,1.81,1.81,tight_departure
2024-03-15T06:15:00,3.53,12.13,30.0,0.0,0,2.12,2.12,tight_departure
2024-03-15T06:30:00,4.37,12.82,30.0,0.0,0,6.23,6.23,tight_departure
2024-03-15T06:45:00,6.33,9.27,30.0,0.0,0,10.44,10.44,tight_departure
2024-03-15T07:00:00,6.96,12.91,30.0,0.0,0,8.3,8.3,tight_departure
2024-03-15T07:15:00,9.52,8.95,30.0,0.0,0,6.01,6.58,tight_departure
2024-03-15T07:30:00,10.6,9.44,30.0,0.0,0,12.73,13.89,tight_departure
2024-03-15T07:45:00,12.27,8.16,30.88,3.5,0.0,0.0,0.61,tight_departure
2024-03-15T08:00:00,15.04,28.46,30.0,0.0,3.5,10.5,14.0,tight_departure
2024-03-15T08:15:00,18.83,31.25,30.0,0.0,0,43.89,43.89,tight_departure
2024-03-15T08:30:00,23.97,29.57,30.0,0.0,0,34.5,34.5,tight_departure
2024-03-15T08:45:00,27.25,31.91,30.0,0.0,0,41.11,41.11,tight_departure
2024-03-15T09:00:00,29.95,34.44,30.0,0.0,0,10.63,10.63,tight_departure
2024-03-15T09:15:00,32.44,34.59,30.0,0.0,0,29.48,29.48,tight_departure
2024-03-15T09:30:00,39.26,35.52,30.0,0.0,0,6.51,10.25,tight_departure
2024-03-15T09:45:00,44.32,40.14,30.0,0.0,0,13.0,17.18,tight_departure
2024-03-15T10:00:00,46.98,34.82,30.0,0.0,0,1.41,13.57,tight_departure
2024-03-15T10:15:00,51.7,35.38,30.0,0.0,0,19.75,36.07,tight_departure
2024-03-15T10:30:00,56.24,39.45,30.0,0.0,0,28.69,45.48,tight_departure
2024-03-15T10:45:00,67.06,36.46,30.99,3.95,0.0,0.0,26.65,tight_departure
2024-03-15T11:00:00,64.04,39.03,30.0,0.0,3.95,13.34,42.3,tight_departure
2024-03-15T11:15:00,68.65,39.79,30.0,0.0,0,12.04,40.9,tight_departure
2024-03-15T11:30:00,74.6,35.88,30.26,1.03,0.0,0.0,37.69,tight_departure
2024-03-15T11:45:00,82.4,42.83,35.59,21.32,0.0,0.0,18.25,tight_departure
2024-03-15T12:00:00,76.01,38.74,36.01,1.68,0.0,0.0,35.59,tight_departure
2024-03-15T12:15:00,80.74,40.39,38.37,9.43,0.0,0.0,30.92,tight_departure
2024-03-15T12:30:00,82.63,43.9,41.43,12.25,0.0,0.0,26.48,tight_departure
2024-03-15T12:45:00,78.9,38.37,39.68,0.0,6.99,0,47.52,tight_departure
2024-03-15T13:00:00,73.01,38.54,39.69,0.05,0.0,0.0,34.42,tight_departure
2024-03-15T13:15:00,76.35,43.56,45.02,21.29,0.0,0.0,11.5,tight_departure
2024-03-15T13:30:00,71.94,40.32,48.62,14.42,0.0,0.0,17.2,tight_departure
2024-03-15T13:45:00,70.54,42.1,48.23,0.0,1.56,0,30.0,tight_departure
2024-03-15T14:00:00,75.26,38.45,45.43,0.0,11.2,0,48.01,tight_departure
2024-03-15T14:15:00,61.08,41.33,41.6,0.0,15.34,0,35.09,tight_departure
2024-03-15T14:30:00,60.07,42.6,35.64,0.0,23.83,0,41.3,tight_departure
2024-03-15T14:45:00,54.92,37.81,33.94,0.0,6.8,0,23.91,tight_departure
2024-03-15T15:00:00,49.96,40.31,33.8,0.0,0.53,0,10.18,tight_departure
2024-03-15T15:15:00,45.48,38.62,30.66,0.0,12.57,0,19.43,tight_departure
2024-03-15T15:30:00,41.02,39.41,30.0,0.0,2.65,10.44,14.7,tight_departure
2024-03-15T15:45:00,36.74,37.79,30.0,0.0,0,31.21,31.21,tight_departure
2024-03-15T16:00:00,29.77,36.17,30.0,0.0,0,13.83,13.83,tight_departure
2024-03-15T16:15:00,27.54,33.59,30.0,0.0,0,24.48,24.48,tight_departure
2024-03-15T16:30:00,22.65,33.75,30.0,0.0,0,40.45,40.45,tight_departure
2024-03-15T16:45:00,18.89,36.38,30.0,0.0,0,31.59,31.59,tight_departure
2024-03-15T17:00:00,15.98,33.18,30.0,0.0,0,18.77,18.77,tight_departure
2024-03-15T17:15:00,12.26,33.83,30.0,0.0,0,40.81,40.81,tight_departure
2024-03-15T17:30:00,11.18,35.89,30.0,0.0,0,36.37,36.37,tight_departure
2024-03-15T17:45:00,8.68,31.22,30.0,0.0,0,21.06,21.06,tight_departure
2024-03-15T18:00:00,7.2,23.15,30.0,0.0,0,2.91,2.91,tight_departure
2024-03-15T18:15:00,5.65,20.56,30.0,0.0,0,11.95,11.95,tight_departure
2024-03-15T18:30:00,4.63,20.37,30.0,0.0,0,10.28,10.28,tight_departure
2024-03-15T18:45:00,3.44,20.39,30.0,0.0,0,14.53,14.53,tight_departure
2024-03-15T19:00:00,2.87,17.95,30.0,0.0,0,7.12,7.12,tight_departure
2024-03-15T19:15:00,0.01,18.6,30.0,0.0,0,2.64,2.64,tight_departure
2024-03-15T19:30:00,0.12,16.95,30.0,0.0,0,10.05,10.05,tight_departure
2024-03-15T19:45:00,0,20.75,30.0,0.0,0,0.65,0.65,tight_departure
2024-03-15T20:00:00,0.16,19.87,30.0,0.0,0,9.67,9.67,tight_departure
2024-03-15T20:15:00,0,23.76,30.0,0.0,0,4.28,4.28,tight_departure
2024-03-15T20:30:00,0,15.6,30.0,0.0,0,6.52,6.52,tight_departure
2024-03-15T20:45:00,0.04,19.0,30.0,0.0,0,5.01,5.01,tight_departure
2024-03-15T21:00:00,0,21.42,30.0,0.0,0,12.08,12.08,tight_departure
2024-03-15T21:15:00,0.02,18.87,30.0,0.0,0,11.38,11.38,tight_departure
2024-03-15T21:30:00,0,21.74,30.0,0.0,0,0.65,0.65,tight_departure
2024-03-15T21:45:00,0.07,19.8,30.0,0.0,0,11.11,11.11,tight_departure
2024-03-15T22:00:00,0.18,7.86,30.0,0.0,0,13.87,13.87,tight_departure
2024-03-15T22:15:00,0,8.62,30.0,0.0,0,2.64,2.64,tight_departure
2024-03-15T22:30:00,0,10.49,30.0,0.0,0,11.78,11.78,tight_departure
2024-03-15T22:45:00,0,10.7,30.0,0.0,0,7.28,7.28,tight_departure
2024-03-15T23:00:00,0,12.89,30.0,0.0,0,1.74,1.74,tight_departure
2024-03-15T23:15:00,0,12.23,30.0,0.0,0,13.43,13.43,tight_departure
2024-03-15T23:30:00,0.03,10.91,30.0,0.0,0,10.82,10.82,tight_departure
2024-03-15T23:45:00,0.06,10.9,30.0,0.0,0,8.89,8.89,tight_departure
2024-03-11T00:00:00,0.06,12.66,32.0,0.0,9.42,0,9.42,battery_low
2024-03-11T00:15:00,0.02,11.42,32.0,0.0,4.71,0,4.71,battery_low
2024-03-11T00:30:00,0,12.88,32.0,0.0,1.23,0,1.23,battery_low
2024-03-11T00:45:00,0,13.6,32.0,0.0,2.37,0,2.37,battery_low
2024-03-11T01:00:00,0,7.14,32.0,0.0,7.75,0,7.75,battery_low
2024-03-11T01:15:00,0.01,8.64,32.0,0.0,8.0,6.54,14.54,battery_low
2024-03-11T01:30:00,0.08,8.69,32.0,0.0,8.0,4.46,12.46,battery_low
2024-03-11T01:45:00,0,6.22,32.0,0.0,8.0,3.45,11.45,battery_low
2024-03-11T02:00:00,0,5.15,32.0,0.0,8.0,4.7,12.7,battery_low
2024-03-11T02:15:00,0,11.52,32.0,0.0,8.0,2.29,10.29,battery_low
2024-03-11T02:30:00,0.08,10.85,32.0,0.0,8.0,3.89,11.89,battery_low
2024-03-11T02:45:00,0,9.9,32.0,0.0,4.79,0,4.79,battery_low
2024-03-11T03:00:00,0,7.68,32.0,0.0,7.18,0,7.18,battery_low
2024-03-11T03:15:00,0.15,11.75,32.0,0.0,8.0,3.03,11.03,battery_low
2024-03-11T03:30:00,0,10.05,32.0,0.0,3.91,0,3.91,battery_low
2024-03-11T03:45:00,0.02,5.92,32.0,0.0,8.0,2.31,10.31,battery_low
2024-03-11T04:00:00,0,8.64,32.0,0.0,8.0,4.4,12.4,battery_low
2024-03-11T04:15:00,0,9.44,32.0,0.0,8.0,3.99,11.99,battery_low
2024-03-11T04:30:00,0.18,11.28,32.0,0.0,2.98,0,2.98,battery_low
2024-03-11T04:45:00,0,11.15,32.0,0.0,6.22,0,6.22,battery_low
2024-03-11T05:00:00,0.14,11.85,32.0,0.0,2.73,0,2.73,battery_low
2024-03-11T05:15:00,0.01,8.71,32.0,0.0,8.0,5.15,13.15,battery_low
2024-03-11T05:30:00,0.07,10.79,32.0,0.0,8.0,6.17,14.17,battery_low
2024-03-11T05:45:00,0.09,11.27,32.0,0.0,8.0,5.27,13.27,battery_low
2024-03-11T06:00:00,2.87,8.93,32.0,0.0,3.37,0,3.37,battery_low
2024-03-11T06:15:00,3.75,10.4,32.0,0.0,8.0,6.22,14.22,battery_low
2024-03-11T06:30:00,4.96,8.62,32.0,0.0,8.0,5.85,13.85,battery_low
2024-03-11T06:45:00,6.17,10.4,32.0,0.0,8.0,1.71,9.71,battery_low
2024-03-11T07:00:00,6.88,9.03,32.0,0.0,8.0,1.4,9.4,battery_low
2024-03-11T07:15:00,8.68,10.85,32.0,0.0,8.0,5.6,13.6,battery_low
2024-03-11T07:30:00,11.11,8.85,32.0,0.0,8.0,4.35,14.61,battery_low
2024-03-11T07:45:00,13.14,14.28,32.0,0.0,2.97,0,2.97,battery_low
2024-03-11T08:00:00,17.2,30.87,32.0,0.0,8.0,30.05,38.05,battery_low
2024-03-11T08:15:00,18.9,31.02,32.0,0.0,8.0,8.75,16.75,battery_low
2024-03-11T08:30:00,22.93,29.52,32.0,0.0,8.0,18.04,26.04,battery_low
2024-03-11T08:45:00,25.64,29.0,32.0,0.0,8.0,19.16,27.16,battery_low
2024-03-11T09:00:00,30.62,34.38,32.0,0.0,8.0,12.41,20.41,battery_low
2024-03-11T09:15:00,33.53,36.97,32.0,0.0,8.0,5.56,13.56,battery_low
2024-03-11T09:30:00,36.55,31.61,32.0,0.0,8.0,11.78,24.72,battery_low
2024-03-11T09:45:00,44.18,37.32,32.0,0.0,8.0,33.03,47.89,battery_low
2024-03-11T10:00:00,52.61,34.96,32.0,2.96,0.0,0.0,14.69,battery_low
2024-03-11T10:15:00,56.24,36.42,32.0,0.0,8.0,10.92,38.74,battery_low
2024-03-11T10:30:00,57.59,38.84,32.0,0.0,8.0,0.66,27.41,battery_low
2024-03-11T10:45:00,64.66,34.45,32.0,0.0,8.0,8.59,46.8,battery_low
2024-03-11T11:00:00,71.75,40.85,32.0,2.75,0.0,0.0,28.15,battery_low
2024-03-11T11:15:00,68.39,39.32,32.0,0.0,7.87,0,36.94,battery_low
2024-03-11T11:30:00,75.67,39.43,32.0,21.5,0.0,0.0,14.74,battery_low
2024-03-11T11:45:00,74.38,37.9,32.0,0.0,2.06,0,38.54,battery_low
2024-03-11T12:00:00,78.32,41.86,32.0,18.84,0.0,0.0,17.62,battery_low
2024-03-11T12:15:00,81.76,38.98,32.0,0.0,1.7,0,44.48,battery_low
2024-03-11T12:30:00,83.09,34.18,32.0,7.63,0.0,0.0,41.28,battery_low
2024-03-11T12:45:00,84.17,36.49,32.0,26.16,0.0,0.0,21.52,battery_low
2024-03-11T13:00:00,76.99,37.76,32.0,9.46,0.0,0.0,29.77,battery_low
2024-03-11T13:15:00,71.53,42.29,32.0,14.03,0.0,0.0,15.21,battery_low
2024-03-11T13:30:00,72.12,40.57,32.0,0.0,8.0,4.7,44.25,battery_low
2024-03-11T13:45:00,70.43,40.68,32.0,0.0,4.25,0,34.0,battery_low
2024-03-11T14:00:00,67.08,36.94,32.0,0.0,8.0,11.67,49.81,battery_low
2024-03-11T14:15:00,65.74,38.25,32.0,6.17,0.0,0.0,21.32,battery_low
2024-03-11T14:30:00,53.57,38.05,32.0,0.0,8.0,13.57,37.09,battery_low
2024-03-11T14:45:00,57.36,40.23,32.0,0.0,8.0,1.6,26.73,battery_low
2024-03-11T15:00:00,47.68,37.39,32.0,0.0,8.0,8.05,26.34,battery_low
2024-03-11T15:15:00,42.98,41.76,32.0,0.0,8.0,6.62,15.84,battery_low
2024-03-11T15:30:00,39.68,37.93,32.0,0.0,8.0,11.86,21.61,battery_low
2024-03-11T15:45:00,36.13,36.97,32.0,0.0,8.0,12.47,20.47,battery_low
2024-03-11T16:00:00,29.64,35.49,32.0,0.0,8.0,26.71,34.71,battery_low
2024-03-11T16:15:00,25.88,35.15,32.0,0.0,8.0,38.29,46.29,battery_low
2024-03-11T16:30:00,23.05,34.64,32.0,0.0,8.0,16.79,24.79,battery_low
2024-03-11T16:45:00,19.55,33.67,32.0,0.0,8.0,29.37,37.37,battery_low
2024-03-11T17:00:00,15.89,29.09,32.0,0.0,8.0,20.33,28.33,battery_low
2024-03-11T17:15:00,13.76,33.03,32.0,0.0,8.0,2.41,10.41,battery_low
2024-03-11T17:30:00,11.37,25.77,32.0,0.0,8.0,7.33,15.33,battery_low
2024-03-11T17:45:00,9.74,30.51,32.0,0.0,8.0,14.93,22.93,battery_low
2024-03-11T18:00:00,7.51,17.92,32.0,0.0,8.0,2.4,10.4,battery_low
2024-03-11T18:15:00,5.85,17.89,32.0,0.0,8.0,2.3,10.3,battery_low
2024-03-11T18:30:00,4.35,23.83,32.0,0.0,8.0,2.7,10.7,battery_low
2024-03-11T18:45:00,3.48,20.43,32.0,0.0,8.0,2.63,10.63,battery_low
2024-03-11T19:00:00,2.84,20.99,32.0,0.0,8.0,3.04,11.04,battery_low
2024-03-11T19:15:00,0.02,20.73,32.0,0.0,3.84,0,3.84,battery_low
2024-03-11T19:30:00,0.24,19.88,32.0,0.0,1.43,0,1.43,battery_low
2024-03-11T19:45:00,0.02,22.1,32.0,0.0,0.88,0,0.88,battery_low
2024-03-11T20:00:00,0.11,22.37,32.0,0.0,4.99,0,4.99,battery_low
2024-03-11T20:15:00,0.06,17.71,32.0,0.0,3.52,0,3.52,battery_low
2024-03-11T20:30:00,0.16,17.71,32.0,0.0,8.0,5.62,13.62,battery_low
2024-03-11T20:45:00,0.03,18.49,32.0,0.0,8.0,6.95,14.95,battery_low
2024-03-11T21:00:00,0,20.66,32.0,0.0,8.0,6.09,14.09,battery_low
2024-03-11T21:15:00,0.03,20.84,32.0,0.0,8.0,6.51,14.51,battery_low
2024-03-11T21:30:00,0.16,20.91,32.0,0.0,8.0,0.97,8.97,battery_low
2024-03-11T21:45:00,0,21.93,32.0,0.0,8.0,3.22,11.22,battery_low
2024-03-11T22:00:00,0.12,7.54,32.0,0.0,0.68,0,0.68,battery_low
2024-03-11T22:15:00,0.06,11.4,32.0,0.0,3.8,0,3.8,battery_low
2024-03-11T22:30:00,0,12.75,32.0,0.0,8.0,1.29,9.29,battery_low
2024-03-11T22:45:00,0,10.25,32.0,0.0,4.54,0,4.54,battery_low
2024-03-11T23:00:00,0,10.03,32.0,0.0,5.92,0,5.92,battery_low
2024-03-11T23:15:00,0,7.12,32.0,0.0,5.56,0,5.56,battery_low
2024-03-11T23:30:00,0.16,8.31,32.0,0.0,8.0,6.52,14.52,battery_low
2024-03-11T23:45:00,0,5.69,32.0,0.0,8.0,0.39,8.39,battery_low
2024-03-12T00:00:00,0,7.35,73.56,0.0,5.76,0,5.76,charger_failure
2024-03-12T00:15:00,0.16,12.02,70.58,0.0,11.93,0,11.93,charger_failure
2024-03-12T00:30:00,0,14.5,67.28,0.0,13.2,0,13.2,charger_failure
2024-03-12T00:45:00,0.1,9.35,64.95,0.0,9.29,0,9.29,charger_failure
2024-03-12T01:00:00,0,14.58,63.68,0.0,5.09,0,5.09,charger_failure
2024-03-12T01:15:00,0,6.71,60.17,0.0,14.06,0,14.06,charger_failure
2024-03-12T01:30:00,0.1,14.88,57.23,0.0,11.74,0,11.74,charger_failure
2024-03-12T01:45:00,0.14,11.13,55.53,0.0,6.81,0,6.81,charger_failure
2024-03-12T02:00:00,0.06,11.71,54.3,0.0,4.92,0,4.92,charger_failure
2024-03-12T02:15:00,0.08,10.56,53.58,0.0,2.89,0,2.89,charger_failure
2024-03-12T02:30:00,0.01,9.87,53.19,0.0,1.54,0,1.54,charger_failure
2024-03-12T02:45:00,0,9.44,50.96,0.0,8.93,0,8.93,charger_failure
2024-03-12T03:00:00,0,9.8,50.71,0.0,1.01,0,1.01,charger_failure
2024-03-12T03:15:00,0,7.79,47.75,0.0,11.84,0,11.84,charger_failure
2024-03-12T03:30:00,0.02,12.78,47.02,0.0,2.9,0,2.9,charger_failure
2024-03-12T03:45:00,0.09,6.86,44.87,0.0,8.6,0,8.6,charger_failure
2024-03-12T04:00:00,0,11.88,42.48,0.0,9.56,0,9.56,charger_failure
2024-03-12T04:15:00,0,9.55,41.52,0.0,3.84,0,3.84,charger_failure
2024-03-12T04:30:00,0.06,8.06,39.94,0.0,6.32,0,6.32,charger_failure
2024-03-12T04:45:00,0.01,7.33,37.23,0.0,10.87,0,10.87,charger_failure
2024-03-12T05:00:00,0,10.64,35.56,0.0,6.67,0,6.67,charger_failure
2024-03-12T05:15:00,0,10.88,34.65,0.0,3.65,0,3.65,charger_failure
2024-03-12T05:30:00,0,11.1,31.66,0.0,11.96,0,11.96,charger_failure
2024-03-12T05:45:00,0.02,12.73,31.43,0.0,0.91,0,0.91,charger_failure
2024-03-12T06:00:00,2.74,9.14,30.26,0.0,4.68,0,4.68,charger_failure
2024-03-12T06:15:00,3.54,11.09,30.0,0.0,1.03,5.51,6.54,charger_failure
2024-03-12T06:30:00,4.5,10.08,30.0,0.0,0,14.4,14.4,charger_failure
2024-03-12T06:45:00,5.48,8.67,30.0,0.0,0,11.32,11.32,charger_failure
2024-03-12T07:00:00,6.61,13.5,30.0,0.0,0,4.67,4.67,charger_failure
2024-03-12T07:15:00,8.27,8.61,30.0,0.0,0,13.28,13.28,charger_failure
2024-03-12T07:30:00,10.44,11.79,30.0,0.0,0,11.63,11.63,charger_failure
2024-03-12T07:45:00,12.96,12.5,30.0,0.0,0,1.75,2.21,charger_failure
2024-03-12T08:00:00,15.3,30.56,30.0,0.0,0,22.35,22.35,charger_failure
2024-03-12T08:15:00,18.07,35.07,30.0,0.0,0,23.72,23.72,charger_failure
2024-03-12T08:30:00,20.92,32.18,30.0,0.0,0,24.75,24.75,charger_failure
2024-03-12T08:45:00,26.8,33.16,30.0,0.0,0,10.32,10.32,charger_failure
2024-03-12T09:00:00,29.75,32.83,30.0,0.0,0,33.46,33.46,charger_failure
2024-03-12T09:15:00,34.44,33.53,30.0,0.0,0,36.22,37.13,charger_failure
2024-03-12T09:30:00,40.82,38.96,30.0,0.0,0,10.43,12.29,charger_failure
2024-03-12T09:45:00,42.47,32.49,30.0,0.0,0,20.3,30.28,charger_failure
2024-03-12T10:00:00,48.31,41.04,30.0,0.0,0,36.14,43.41,charger_failure
2024-03-12T10:15:00,51.21,39.77,30.0,0.0,0,32.91,44.35,charger_failure
2024-03-12T10:30:00,62.96,35.96,30.03,0.12,0.0,0.0,26.88,charger_failure
2024-03-12T10:45:00,64.4,40.86,31.46,5.72,0.0,0.0,17.82,charger_failure
2024-03-12T11:00:00,65.55,37.68,33.92,9.86,0.0,0.0,18.01,charger_failure
2024-03-12T11:15:00,68.55,36.5,30.35,0.0,14.29,0,46.34,charger_failure
2024-03-12T11:30:00,71.45,36.46,30.0,0.0,1.41,5.01,41.41,charger_failure
2024-03-12T11:45:00,76.61,37.7,33.81,15.25,0.0,0.0,23.66,charger_failure
2024-03-12T12:00:00,79.33,36.4,35.37,6.22,0.0,0.0,36.71,charger_failure
2024-03-12T12:15:00,80.92,41.39,35.8,1.74,0.0,0.0,37.79,charger_failure
2024-03-12T12:30:00,72.03,40.62,31.34,0.0,17.87,0,49.28,charger_failure
2024-03-12T12:45:00,84.49,37.55,34.57,12.95,0.0,0.0,33.99,charger_failure
2024-03-12T13:00:00,84.97,40.84,39.79,20.88,0.0,0.0,23.25,charger_failure
2024-03-12T13:15:00,73.78,39.86,39.99,0.78,0.0,0.0,33.14,charger_failure
2024-03-12T13:30:00,75.91,40.03,36.83,0.0,12.64,0,48.52,charger_failure
2024-03-12T13:45:00,72.5,37.88,36.82,0.0,0.02,0,34.64,charger_failure
2024-03-12T14:00:00,67.39,36.68,37.81,3.96,0.0,0.0,26.75,charger_failure
2024-03-12T14:15:00,62.27,37.43,39.9,8.35,0.0,0.0,16.49,charger_failure
2024-03-12T14:30:00,55.96,41.38,36.5,0.0,13.59,0,28.17,charger_failure
2024-03-12T14:45:00,56.27,39.74,30.24,0.0,25.04,0,41.57,charger_failure
2024-03-12T15:00:00,45.87,37.46,30.0,0.0,0.97,2.31,11.69,charger_failure
2024-03-12T15:15:00,46.34,37.89,30.0,0.0,0,10.33,18.78,charger_failure
2024-03-12T15:30:00,43.46,37.86,30.0,0.0,0,4.55,10.15,charger_failure
2024-03-12T15:45:00,34.69,35.88,30.0,0.0,0,18.92,18.92,charger_failure
2024-03-12T16:00:00,30.23,35.57,30.0,0.0,0,19.21,19.21,charger_failure
2024-03-12T16:15:00,26.89,37.14,30.0,0.0,0,34.96,34.96,charger_failure
2024-03-12T16:30:00,21.37,31.88,30.0,0.0,0,19.56,19.56,charger_failure
2024-03-12T16:45:00,17.13,34.84,30.0,0.0,0,39.38,39.38,charger_failure
2024-03-12T17:00:00,14.96,28.78,30.0,0.0,0,48.1,48.1,charger_failure
2024-03-12T17:15:00,13.41,37.32,30.0,0.0,0,23.26,23.26,charger_failure
2024-03-12T17:30:00,10.82,33.24,30.0,0.0,0,39.6,39.6,charger_failure
2024-03-12T17:45:00,8.86,30.59,30.0,0.0,0,18.21,18.21,charger_failure
2024-03-12T18:00:00,7.44,19.42,30.0,0.0,0,2.76,2.76,charger_failure
2024-03-12T18:15:00,5.76,20.64,30.0,0.0,0,14.85,14.85,charger_failure
2024-03-12T18:30:00,4.34,21.98,30.0,0.0,0,5.44,5.44,charger_failure
2024-03-12T18:45:00,3.48,18.49,30.0,0.0,0,1.11,1.11,charger_failure
2024-03-12T19:00:00,2.8,18.2,30.0,0.0,0,0.45,0.45,charger_failure
2024-03-12T19:15:00,0.0,19.98,30.0,0.0,0,1.73,1.73,charger_failure
2024-03-12T19:30:00,0.11,20.95,30.0,0.0,0,4.36,4.36,charger_failure
2024-03-12T19:45:00,0,21.64,30.0,0.0,0,2.92,2.92,charger_failure
2024-03-12T20:00:00,0.14,21.12,30.0,0.0,0,8.79,8.79,charger_failure
2024-03-12T20:15:00,0.0,17.38,30.0,0.0,0,11.48,11.48,charger_failure
2024-03-12T20:30:00,0,19.39,30.0,0.0,0,0.66,0.66,charger_failure
2024-03-12T20:45:00,0,19.63,30.0,0.0,0,0.45,0.45,charger_failure
2024-03-12T21:00:00,0.01,21.06,30.0,0.0,0,2.97,2.97,charger_failure
2024-03-12T21:15:00,0,20.97,30.0,0.0,0,2.61,2.61,charger_failure
2024-03-12T21:30:00,0.01,16.05,30.0,0.0,0,13.28,13.28,charger_failure
2024-03-12T21:45:00,0,19.71,30.0,0.0,0,10.78,10.78,charger_failure
2024-03-12T22:00:00,0,11.2,30.0,0.0,0,5.1,5.1,charger_failure
2024-03-12T22:15:00,0.15,12.44,30.0,0.0,0,8.32,8.32,charger_failure
2024-03-12T22:30:00,0,12.98,30.0,0.0,0,2.68,2.68,charger_failure
2024-03-12T22:45:00,0.01,9.33,30.0,0.0,0,0.32,0.32,charger_failure
2024-03-12T23:00:00,0,9.4,30.0,0.0,0,12.64,12.64,charger_failure
2024-03-12T23:15:00,0,10.34,30.0,0.0,0,13.66,13.66,charger_failure
2024-03-12T23:30:00,0.02,10.01,30.0,0.0,0,0.31,0.31,charger_failure
2024-03-12T23:45:00,0.04,12.38,30.0,0.0,0,10.16,10.16,charger_failure
2024-03-13T00:00:00,0.09,7.03,72.31,0.0,10.76,0,10.76,normal
2024-03-13T00:15:00,0,11.87,68.89,0.0,13.66,0,13.66,normal
2024-03-13T00:30:00,0,9.55,68.64,0.0,1.02,0,1.02,normal
2024-03-13T00:45:00,0,6.4,67.07,0.0,6.29,0,6.29,normal
2024-03-13T01:00:00,0.05,11.52,63.57,0.0,13.97,0,13.97,normal
2024-03-13T01:15:00,0,5,61.68,0.0,7.56,0,7.56,normal
2024-03-13T01:30:00,0,10.78,61.6,0.0,0.33,0,0.33,normal
2024-03-13T01:45:00,0,10.37,59.35,0.0,8.99,0,8.99,normal
2024-03-13T02:00:00,0,11.16,56.74,0.0,10.45,0,10.45,normal
2024-03-13T02:15:00,0.01,8.05,56.26,0.0,1.93,0,1.93,normal
2024-03-13T02:30:00,0.12,9.68,56.09,0.0,0.68,0,0.68,normal
2024-03-13T02:45:00,0,8.13,53.97,0.0,8.49,0,8.49,normal
2024-03-13T03:00:00,0,8.23,50.99,0.0,11.92,0,11.92,normal
2024-03-13T03:15:00,0,13.42,48.38,0.0,10.41,0,10.41,normal
2024-03-13T03:30:00,0,6.77,45.61,0.0,11.11,0,11.11,normal
2024-03-13T03:45:00,0.15,9.58,44.12,0.0,5.96,0,5.96,normal
2024-03-13T04:00:00,0,12.08,41.55,0.0,10.27,0,10.27,normal
2024-03-13T04:15:00,0,13.65,38.29,0.0,13.05,0,13.05,normal
2024-03-13T04:30:00,0.07,9.02,34.64,0.0,14.57,0,14.57,normal
2024-03-13T04:45:00,0.22,8.79,34.02,0.0,2.48,0,2.48,normal
2024-03-13T05:00:00,0.07,10.6,31.21,0.0,11.26,0,11.26,normal
2024-03-13T05:15:00,0.13,13.12,30.0,0.0,4.84,0.92,5.76,normal
2024-03-13T05:30:00,0.0,8.49,30.0,0.0,0,11.69,11.69,normal
2024-03-13T05:45:00,0.05,8.64,30.0,0.0,0,6.01,6.01,normal
2024-03-13T06:00:00,3.0,10.27,30.0,0.0,0,4.07,4.07,normal
2024-03-13T06:15:00,3.45,10.37,30.0,0.0,0,2.76,2.76,normal
2024-03-13T06:30:00,4.19,8.06,30.0,0.0,0,2.4,2.4,normal
2024-03-13T06:45:00,6.02,8.69,30.0,0.0,0,3.27,3.27,normal
2024-03-13T07:00:00,6.74,11.07,30.0,0.0,0,10.45,10.45,normal
2024-03-13T07:15:00,9.34,11.44,30.0,0.0,0,13.19,13.19,normal
2024-03-13T07:30:00,11.37,8.49,30.0,0.0,0,8.98,11.86,normal
2024-03-13T07:45:00,12.22,13.0,30.0,0.0,0,6.83,6.83,normal
2024-03-13T08:00:00,15.58,29.5,30.0,0.0,0,38.31,38.31,normal
2024-03-13T08:15:00,20.11,31.9,30.0,0.0,0,31.0,31.0,normal
2024-03-13T08:30:00,22.75,35.89,30.0,0.0,0,22.14,22.14,normal
2024-03-13T08:45:00,25.14,34.19,30.0,0.0,0,18.81,18.81,normal
2024-03-13T09:00:00,30.11,33.63,30.0,0.0,0,38.33,38.33,normal
2024-03-13T09:15:00,36.99,34.84,30.0,0.0,0,29.94,32.09,normal
2024-03-13T09:30:00,39.99,36.68,30.0,0.0,0,13.53,16.84,normal
2024-03-13T09:45:00,42.89,33.55,30.0,0.0,0,2.48,11.82,normal
2024-03-13T10:00:00,45.99,31.95,30.0,0.0,0,5.49,19.53,normal
2024-03-13T10:15:00,58.84,34.29,33.25,12.99,0.0,0.0,11.56,normal
2024-03-13T10:30:00,57.45,36.52,34.5,5.0,0.0,0.0,15.93,normal
2024-03-13T10:45:00,63.58,39.24,30.0,0.0,17.99,3.01,45.34,normal
2024-03-13T11:00:00,69.7,36.92,30.0,0.0,0,14.31,47.09,normal
2024-03-13T11:15:00,70.01,39.09,32.52,10.1,0.0,0.0,20.82,normal
2024-03-13T11:30:00,72.93,42.12,30.0,0.0,10.1,0.71,41.62,normal
2024-03-13T11:45:00,78.36,40.71,30.49,1.95,0.0,0.0,35.7,normal
2024-03-13T12:00:00,81.01,41.86,35.28,19.19,0.0,0.0,19.96,normal
2024-03-13T12:15:00,80.32,37.13,35.35,0.25,0.0,0.0,42.94,normal
2024-03-13T12:30:00,81.6,38.57,38.26,11.65,0.0,0.0,31.38,normal
2024-03-13T12:45:00,77.5,41.14,44.83,26.3,0.0,0.0,10.06,normal
2024-03-13T13:00:00,83.27,40.04,49.67,19.33,0.0,0.0,23.9,normal
2024-03-13T13:15:00,77.66,43.37,49.69,0.08,0.0,0.0,34.21,normal
2024-03-13T13:30:00,74.74,45.08,50.91,4.9,0.0,0.0,24.76,normal
2024-03-13T13:45:00,72.6,36.2,56.68,23.07,0.0,0.0,13.33,normal
2024-03-13T14:00:00,69.34,40.27,54.39,0.0,9.15,0,38.22,normal
2024-03-13T14:15:00,66.65,40.59,52.91,0.0,5.91,0,31.97,normal
2024-03-13T14:30:00,57.69,36.46,48.5,0.0,17.65,0,38.88,normal
2024-03-13T14:45:00,52.8,36.83,45.91,0.0,10.36,0,26.33,normal
2024-03-13T15:00:00,47.11,39.27,39.26,0.0,26.62,0,34.46,normal
2024-03-13T15:15:00,47.33,38.39,35.74,0.0,14.05,0,22.99,normal
2024-03-13T15:30:00,36.61,37.96,32.67,0.0,12.29,0,12.29,normal
2024-03-13T15:45:00,36.42,35.27,30.0,0.0,10.69,30.8,42.64,normal
2024-03-13T16:00:00,29.82,35.91,30.0,0.0,0,42.96,42.96,normal
2024-03-13T16:15:00,24.95,36.52,30.0,0.0,0,18.77,18.77,normal
2024-03-13T16:30:00,22.11,35.38,30.0,0.0,0,48.61,48.61,normal
2024-03-13T16:45:00,18.02,32.95,30.0,0.0,0,17.07,17.07,normal
2024-03-13T17:00:00,16.4,32.34,30.0,0.0,0,48.86,48.86,normal
2024-03-13T17:15:00,14.29,31.54,30.0,0.0,0,31.5,31.5,normal
2024-03-13T17:30:00,10.95,33.43,30.0,0.0,0,49.15,49.15,normal
2024-03-13T17:45:00,8.19,27.26,30.0,0.0,0,41.13,41.13,normal
2024-03-13T18:00:00,6.57,22.53,30.0,0.0,0,11.71,11.71,normal
2024-03-13T18:15:00,5.52,25.12,30.0,0.0,0,1.6,1.6,normal
2024-03-13T18:30:00,4.36,20.37,30.0,0.0,0,11.19,11.19,normal
2024-03-13T18:45:00,3.79,24.01,30.0,0.0,0,5.73,5.73,normal
2024-03-13T19:00:00,3.0,22.42,30.0,0.0,0,9.81,9.81,normal
2024-03-13T19:15:00,0.1,21.19,30.0,0.0,0,13.05,13.05,normal
2024-03-13T19:30:00,0.08,18.9,30.0,0.0,0,9.51,9.51,normal
2024-03-13T19:45:00,0,19.99,30.0,0.0,0,8.26,8.26,normal
2024-03-13T20:00:00,0,19.09,30.0,0.0,0,12.25,12.25,normal
2024-03-13T20:15:00,0.07,21.91,30.0,0.0,0,3.31,3.31,normal
2024-03-13T20:30:00,0.01,22.96,30.0,0.0,0,4.03,4.03,normal
2024-03-13T20:45:00,0,19.61,30.0,0.0,0,8.72,8.72,normal
2024-03-13T21:00:00,0,16.27,30.0,0.0,0,12.12,12.12,normal
2024-03-13T21:15:00,0,19.76,30.0,0.0,0,11.29,11.29,normal
2024-03-13T21:30:00,0.15,21.26,30.0,0.0,0,2.33,2.33,normal
2024-03-13T21:45:00,0,23.71,30.0,0.0,0,3.48,3.48,normal
2024-03-13T22:00:00,0.12,11.16,30.0,0.0,0,10.89,10.89,normal
2024-03-13T22:15:00,0,8.08,30.0,0.0,0,5.53,5.53,normal
2024-03-13T22:30:00,0,12.18,30.0,0.0,0,13.53,13.53,normal
2024-03-13T22:45:00,0.19,13.09,30.0,0.0,0,1.41,1.41,normal
2024-03-13T23:00:00,0,7.76,30.0,0.0,0,2.72,2.72,normal
2024-03-13T23:15:00,0.01,6.46,30.0,0.0,0,2.78,2.78,normal
2024-03-13T23:30:00,0.03,9.7,30.0,0.0,0,12.94,12.94,normal
2024-03-13T23:45:00,0,6.81,30.0,0.0,0,2.83,2.83,normal
